review_id,prof_ID,rating,predicted_aspect,clause_with_score
8959,1180,5.0,instructional_effectiveness,"He was such an amazing professor. [0.49, 0.15, 0.22]"
8959,1180,5.0,instructional_effectiveness,"I learned sooo much from his classes. [0.48, 0.19, 0.31]"
8959,1180,5.0,misc,"He is in touch with our generation and a lot of fun. [0.13, -0.13, -0.0]"
8959,1180,5.0,misc,"I thought he was cute too! [-0.01, -0.01, -0.06]"
8959,1180,5.0,instructional_effectiveness,"He is an amazingly smart historian who values discussion in class. [0.49, 0.25, 0.3]"
1256,856,1.0,instructional_effectiveness,"She is the worst professor that I've ever had at PCC. [0.32, 0.18, 0.21]"
1256,856,1.0,misc,"She can't even answer your questions. [0.09, 0.06, 0.12]"
1256,856,1.0,instructional_effectiveness,"All she does is copy the textbook on the board... [0.35, 0.18, 0.32]"
1256,856,1.0,instructional_effectiveness,"Her lecture is EXTREMELY BORING. [0.41, 0.19, 0.31]"
1256,856,1.0,misc,"Avoid her if possible. [-0.08, 0.0, -0.03]"
5484,1228,3.0,instructional_effectiveness,"You do learn about poetry if that's your thing. [0.2, 0.08, 0.19]"
5484,1228,3.0,instructional_effectiveness,"He has a minor speech defect that sometimes interferes with his lectures which could turn you off to his seminars It didn't bother me. [0.37, 0.11, 0.15]"
5484,1228,3.0,instructional_effectiveness,"Talks a lot about his family in class. [0.41, 0.13, 0.28]"
514,588,5.0,instructional_effectiveness,"Best prof on campus. [0.44, 0.2, 0.22]"
6638,1053,4.5,instructional_effectiveness,"I CANNOT RECOMMEND RACHEL EDELSON MORE HIGHLY! [0.16, 0.05, 0.08]"
6638,1053,4.5,instructional_effectiveness,"IF YOU TRULY CARE ABOUT LEARNING TAKE HER CLASS! [0.36, 0.22, 0.36]"
6638,1053,4.5,workload,"I had the privilege of taking ENG1A at SCC while in high school and it saved me from absolute depression about school. [0.13, 0.24, 0.33]"
6638,1053,4.5,instructional_effectiveness,"In marked contrast to the stultifying English classes at CKM Edelson really engaged and supported our critical thinking and writing. [0.41, 0.28, 0.33]"
6876,990,5.0,instructional_effectiveness,"Great professor! [0.45, 0.14, 0.2]"
6876,990,5.0,instructional_effectiveness,"He was my favorite chemistry teacher. [0.35, 0.09, 0.15]"
6876,990,5.0,instructional_effectiveness,"He is very clear and helpful. [0.47, 0.13, 0.21]"
6876,990,5.0,misc,"I would def take him again if I needed to take organic as I had him also for General Chemistry. [0.12, 0.03, 0.09]"
6876,990,5.0,misc,"I got an A [0.09, 0.12, 0.11]"
17890,999,5.0,instructional_effectiveness,"Awesome AWESOME TEACHER. [0.45, 0.14, 0.22]"
17890,999,5.0,workload,"Ms. Trish Yancey of the Human Enviroment Studies department. [0.14, 0.02, 0.17]"
17890,999,5.0,instructional_effectiveness,"She is an wonderful teacher who has gone above and beyond for her studies. [0.46, 0.19, 0.25]"
17890,999,5.0,instructional_effectiveness,"She is down to earth and supports her students no matter what. [0.25, 0.21, 0.13]"
17890,999,5.0,instructional_effectiveness,"She likes to say bad words in class. [0.32, 0.2, 0.19]"
17890,999,5.0,misc,"No Regrets in ths lady! [0.04, 0.05, 0.01]"
17890,999,5.0,instructional_effectiveness,"Fav Teach! [0.43, 0.14, 0.2]"
15619,1363,2.5,workload,"I am taking this class over the internet. [0.36, 0.25, 0.36]"
15619,1363,2.5,workload,"There are 6 papers a midterm and a final. [0.21, 0.26, 0.37]"
15619,1363,2.5,workload,"As long as you answer all the questions for your paper you will get an A. [0.16, 0.29, 0.31]"
7206,2,4.5,workload,"Not an easy class but if you do the assignments just as he has instructed you to do you will do fine. [0.43, 0.32, 0.51]"
7206,2,4.5,fairness,"If you have questions about his grading just ask him about it. [0.39, 0.61, 0.41]"
7206,2,4.5,instructional_effectiveness,"He deeply cares about his students especially those that care about their education. [0.42, 0.25, 0.26]"
7206,2,4.5,fairness,"Participate in class to get bonus points they really add up at the end of the semester!!! [0.26, 0.46, 0.36]"
9831,417,5.0,misc,"funny [0.12, 0.11, 0.05]"
5690,790,3.0,workload,"Very hard teacher. [0.47, 0.31, 0.5]"
866,487,5.0,instructional_effectiveness,"Great Professor. [0.49, 0.13, 0.18]"
866,487,5.0,instructional_effectiveness,"Info was clear in order and insightful. [0.29, 0.19, 0.26]"
866,487,5.0,instructional_effectiveness,"Very easy to learn from. [0.4, 0.13, 0.32]"
866,487,5.0,workload,"Gives several difficult multiple-choice quizes and drops lowest so you get several chances instead of everything riding on midterm and final. [0.23, 0.33, 0.44]"
866,487,5.0,instructional_effectiveness,"Really nice guy. [0.17, 0.0, -0.0]"
1351,1133,1.0,instructional_effectiveness,"Apart from his hard to understand Jamaican accent. [0.26, 0.07, 0.14]"
1351,1133,1.0,instructional_effectiveness,"He tends to skip topics and trick you on test. [0.4, 0.25, 0.37]"
1351,1133,1.0,fairness,"For ex on one exam multiple choice he didn' tell us that there was more than one answer so while grading he mentioned it and most of the class didn't pass REALLY? [0.27, 0.45, 0.42]"
1351,1133,1.0,misc,"BTW [0.09, 0.03, 0.05]"
1351,1133,1.0,misc,"NO EXTRA CREDIT [0.02, 0.14, 0.09]"
1351,1133,1.0,fairness,"NO REVIEWS GIVEN. [0.12, 0.16, 0.09]"
1351,1133,1.0,instructional_effectiveness,"Beware of this professor it is not helpful [0.5, 0.26, 0.37]"
9328,210,4.0,instructional_effectiveness,"Helpful and willing to discuss assignments in great depth when asked. [0.54, 0.38, 0.46]"
9328,210,4.0,instructional_effectiveness,"Clear and explains all his suggestions when asked. [0.37, 0.2, 0.22]"
9328,210,4.0,instructional_effectiveness,"Great Prof really cares.. [0.33, 0.22, 0.23]"
1439,1274,1.0,instructional_effectiveness,"Sounds like he's a great teacher in the class room however online is the worst grading rubric in the world. [0.47, 0.41, 0.38]"
1439,1274,1.0,workload,"He gave me a 0 for an assignment out of 15 which I did complete in it's entirety. [0.3, 0.35, 0.41]"
1439,1274,1.0,fairness,"Not even one point for trying. [0.06, 0.16, 0.15]"
1439,1274,1.0,instructional_effectiveness,"I would NEVER recommend him for an online class. [0.31, 0.16, 0.2]"
6716,419,4.0,instructional_effectiveness,"Dr. Frank is a great professor! [0.41, 0.13, 0.2]"
6716,419,4.0,instructional_effectiveness,"His lectures tend to be on the boring side but he tries to make it entertaining by throwing in jokes. [0.5, 0.2, 0.29]"
6716,419,4.0,workload,"Tests are easy if you REALLY study the study guides. [0.33, 0.32, 0.58]"
6716,419,4.0,workload,"Always willing to help and work around your schedule. [0.11, 0.13, 0.25]"
6716,419,4.0,workload,"Always writes nice comments and smiley faces on exams if you do well! [0.25, 0.35, 0.42]"
6716,419,4.0,instructional_effectiveness,"He's great! [0.17, 0.03, -0.03]"
2515,890,5.0,instructional_effectiveness,"Very interesting class super fair tests very pleasant professor. [0.49, 0.36, 0.4]"
2515,890,5.0,workload,"Not an easy A but attainable. [0.1, 0.07, 0.22]"
2515,890,5.0,workload,"Go to class and start your journals early and you shouldn't have any trouble passing. [0.26, 0.3, 0.47]"
2515,890,5.0,misc,"Unger seems like a genuinly nice guy. [0.1, 0.0, -0.04]"
15621,1040,3.0,fairness,"Let me preface saying I got a 98 percent in the class. [0.37, 0.48, 0.37]"
15621,1040,3.0,workload,"BUT... it was the hardest I have worked in any class in a long time especially online. [0.32, 0.26, 0.49]"
15621,1040,3.0,instructional_effectiveness,"To get a good grade SUMMARIZE THE BOOK! [0.3, 0.2, 0.28]"
15621,1040,3.0,workload,"If you are willing to put in the time you can do well but taking it in conjunction with other classes is an ill advised move. [0.26, 0.21, 0.37]"
858,487,3.0,workload,"Interesting subject matter but Very boring delivery. [0.28, 0.19, 0.33]"
858,487,3.0,workload,"His exams are fair straight from the text. [0.37, 0.43, 0.46]"
858,487,3.0,fairness,"He curves grades and gives you the opportunity for extra credit work to boost your grade. [0.32, 0.47, 0.35]"
858,487,3.0,workload,"If you read the text you can do well. [0.35, 0.23, 0.4]"
18138,1103,5.0,instructional_effectiveness,"One of the best professors I have ever had the best I have had at PLU so far. [0.42, 0.26, 0.25]"
18138,1103,5.0,instructional_effectiveness,"Great learning experience always engaging class sessions with fun content and awesome guest speakers. [0.46, 0.18, 0.23]"
18138,1103,5.0,instructional_effectiveness,"Really helped me do well in class obviously he cares for his students even wrote a recommendation for me. [0.46, 0.3, 0.33]"
18138,1103,5.0,instructional_effectiveness,"Would highly recommend taking any of his courses. [0.38, 0.15, 0.36]"
17204,799,5.0,misc,"Tries to be fair but does have her favorites. [0.03, 0.09, -0.03]"
17204,799,5.0,instructional_effectiveness,"Loved the class learned a lot and is the best history teacher I have ever had. [0.48, 0.22, 0.32]"
17204,799,5.0,misc,"At least she tries to make it fun. [0.05, 0.02, 0.05]"
17204,799,5.0,workload,"Hated the tests an essay question should not be 6 10 paragraphs long. [0.28, 0.42, 0.5]"
17204,799,5.0,workload,"This is not english class. [0.3, 0.26, 0.33]"
2224,1364,2.5,workload,"Lets you use fact sheets for every quiz or exam including finals! [0.25, 0.3, 0.41]"
2224,1364,2.5,workload,"helps a lot! [0.2, 0.04, 0.21]"
3962,584,3.5,instructional_effectiveness,"Great teacher has a hard time pronouncing simple words though.. like ode for example.. [0.32, 0.13, 0.27]"
17936,234,3.0,instructional_effectiveness,"She's overall a good teacher but it's really distracting and irritating when she uses a lot of obscure words especially since I've heard her use those words incorrectly or mispronounced them. [0.38, 0.16, 0.18]"
2144,949,2.5,workload,"Hard marker and expects way too much. [0.18, 0.35, 0.38]"
2615,1220,5.0,instructional_effectiveness,"Grout is the greatest design teacher. [0.35, 0.11, 0.2]"
2615,1220,5.0,instructional_effectiveness,"he makes you look at ur design then take it and will help you to see things that you missed to make it better. [0.29, 0.13, 0.2]"
2615,1220,5.0,instructional_effectiveness,"if you have the oppertunity to take Grout DO IT he will change the way you look at things. [0.16, 0.05, 0.14]"
17156,566,3.0,workload,"this class requires lots of study and memorization. [0.48, 0.21, 0.55]"
17156,566,3.0,workload,"you will have to be able to label maps and talk about things in lengthy detail. [0.28, 0.18, 0.32]"
17156,566,3.0,workload,"2 papers were required in this course and also 2 quizes and 2 test. [0.29, 0.36, 0.52]"
17156,566,3.0,workload,"you will have 7 reading respoces that will have about 5 questions to them. [0.28, 0.23, 0.42]"
17156,566,3.0,fairness,"they are woth 25 points each. [0.1, 0.32, 0.22]"
17156,566,3.0,instructional_effectiveness,"Dr. Spock is a great teacher!! [0.42, 0.18, 0.29]"
13964,969,3.5,instructional_effectiveness,"Chase is such a nice Professor. [0.36, 0.22, 0.21]"
13964,969,3.5,instructional_effectiveness,"She loves Physics. [0.24, 0.08, 0.2]"
13964,969,3.5,workload,"There's many old Exams floating around which aids studying. [0.29, 0.34, 0.55]"
13964,969,3.5,workload,"Her exams are not difficult per se but one must prepare a lot buy keeping up with trying problems over and over. [0.27, 0.28, 0.55]"
13964,969,3.5,fairness,"Chase passed me with a D after I averaged a 45.5 percent with the Final. [0.05, 0.33, 0.21]"
13964,969,3.5,fairness,"Lab counts as a test grade too [0.16, 0.42, 0.41]"
13964,969,3.5,fairness,"and I think I got 85 percent. [-0.03, 0.25, 0.13]"
13964,969,3.5,fairness,"Roughly a 55 percent avg. [0.09, 0.25, 0.15]"
13964,969,3.5,fairness,"got me a passing grade. [0.27, 0.41, 0.37]"
13964,969,3.5,misc,"I was a senior and went to talk to her though.?? [0.09, 0.1, 0.06]"
11856,526,3.5,workload,"Try having a Physics Professor as a father. [0.2, 0.06, 0.24]"
11856,526,3.5,workload,"HighExpectations You must go to class. [0.31, 0.22, 0.4]"
11856,526,3.5,workload,"Read the text. [0.18, 0.14, 0.22]"
11856,526,3.5,workload,"YouTube for more clarity and then Ask questions and go to office hours. [0.25, 0.15, 0.3]"
11856,526,3.5,misc,"Yup that's my dad. [0.09, -0.09, -0.04]"
11856,526,3.5,misc,"Lol. [0.02, -0.02, 0.0]"
10665,348,4.0,instructional_effectiveness,"He is a really nice guy! [0.2, 0.06, 0.0]"
10665,348,4.0,instructional_effectiveness,"If you try hard in his class and stay on top of the assignments he asks of you then you will seriously do well. [0.39, 0.25, 0.39]"
10665,348,4.0,misc,"Try to get on his good side it pays off. [0.13, 0.14, 0.06]"
10665,348,4.0,instructional_effectiveness,"He is a really smart guy and is very willing to help you out if you need. [0.21, -0.0, 0.15]"
10665,348,4.0,workload,"GO TO OFFICE HOURS! [-0.02, 0.05, 0.22]"
10665,348,4.0,instructional_effectiveness,"It makes him take you seriously and you learn a lot from his genius! [0.28, 0.09, 0.12]"
2997,745,5.0,workload,"such an easy course if your at least somewhat smart [0.31, 0.28, 0.47]"
16750,794,2.0,fairness,"HORRIBLE do NOT take this class. [0.34, 0.35, 0.32]"
16750,794,2.0,workload,"unclear very boring. [0.25, 0.24, 0.31]"
16750,794,2.0,fairness,"horrible class. [0.32, 0.32, 0.3]"
18842,335,5.0,instructional_effectiveness,"Dr. Long is one of the most engaging professors at Fairmont State. [0.35, 0.13, 0.23]"
18842,335,5.0,instructional_effectiveness,"She always has a smile on her face and knows how to enjoy a laugh. [0.15, -0.09, -0.09]"
18842,335,5.0,fairness,"But on the serious side I honestly believe that she should be in the public school system to catch some people before they slip through the cracks or before they get to college. [0.12, 0.16, 0.11]"
18842,335,5.0,instructional_effectiveness,"I can't think of a better role model. [0.16, 0.1, 0.13]"
5034,109,4.5,instructional_effectiveness,"Great instructor let's you out early all the time. [0.39, 0.17, 0.3]"
5064,1017,2.0,instructional_effectiveness,"The lectures were actually pointless for this class. [0.44, 0.3, 0.37]"
5064,1017,2.0,instructional_effectiveness,"MAKE SURE YOU READ THE TEXTBOOK!!! [0.16, 0.05, 0.16]"
5064,1017,2.0,instructional_effectiveness,"I learned all the stats I know from the textbook not him. [0.35, 0.19, 0.29]"
18780,555,4.5,misc,"He is so funny! [0.15, 0.0, -0.02]"
18780,555,4.5,instructional_effectiveness,"Great sense of humor gives interesting assignments and is really easy to talk to. [0.43, 0.23, 0.35]"
18780,555,4.5,instructional_effectiveness,"Take him if you want to be a tutor in the HUB! [0.32, 0.09, 0.23]"
6006,711,5.0,workload,"Take her class! [0.2, 0.14, 0.22]"
6006,711,5.0,instructional_effectiveness,"She actually cares about her students and wants to help them as much as possible [EMOJI] [0.25, 0.22, 0.22]"
11417,1385,2.0,instructional_effectiveness,"Peter is knowledgeable. [0.34, 0.04, 0.18]"
11417,1385,2.0,misc,"My problem with him is he is straight up rude. [0.14, 0.09, 0.01]"
11417,1385,2.0,instructional_effectiveness,"UCR should be more careful about hiring ill mannered professors like Peter Chung and Long Gao. [0.22, 0.19, 0.2]"
10408,1179,5.0,instructional_effectiveness,"I really enjoy the amount of attention he puts into trying to understand where his students are coming from. [0.54, 0.23, 0.35]"
10408,1179,5.0,instructional_effectiveness,"He is obviously passionate about his subject and has great practical knowledge which brings the philosophical concepts we study down to a workable level for Undergrads. [0.47, 0.13, 0.28]"
496,957,5.0,instructional_effectiveness,"One of the best teachers ever [0.48, 0.17, 0.2]"
7247,1125,5.0,instructional_effectiveness,"This professor is one of CSM's finest. [0.47, 0.19, 0.28]"
7247,1125,5.0,instructional_effectiveness,"She works with her students so they understand the material. [0.48, 0.26, 0.32]"
7247,1125,5.0,instructional_effectiveness,"She goes out of her way to give students feedback about their work. [0.41, 0.28, 0.24]"
7247,1125,5.0,instructional_effectiveness,"She KNOWS what she is talking about when teaching class even without the text. [0.5, 0.15, 0.25]"
7247,1125,5.0,instructional_effectiveness,"I learned a lot from her. [0.32, 0.06, 0.14]"
7247,1125,5.0,misc,"I'm a better writer because of her. [0.13, 0.08, 0.06]"
11780,301,5.0,instructional_effectiveness,"Dr. Farrer is by far my FAVORITE professor at Cal. [0.31, 0.1, 0.2]"
11780,301,5.0,instructional_effectiveness,"She will help you with ANYTHING. [0.16, 0.02, 0.13]"
11780,301,5.0,instructional_effectiveness,"She really is there to help you succeed. [0.19, 0.02, 0.11]"
11780,301,5.0,workload,"Her class is a lot of work but if you do the work you'll get an A. [0.3, 0.27, 0.38]"
11780,301,5.0,instructional_effectiveness,"She is very organized and her class is fun! [0.32, 0.13, 0.26]"
11780,301,5.0,workload,"Take Dr. Farrer's class if you can!!!! [0.15, 0.1, 0.27]"
5702,1115,5.0,instructional_effectiveness,"Professor Karpinksi is AWESOME! [0.31, 0.09, 0.14]"
5702,1115,5.0,misc,"Most amazing person i have ever met. [0.13, -0.17, -0.03]"
5702,1115,5.0,workload,"There are two reflection papers one page each and three 5 papers. [0.14, 0.14, 0.26]"
5702,1115,5.0,instructional_effectiveness,"He does an amazing job at explaining the material! [0.46, 0.14, 0.28]"
5702,1115,5.0,workload,"He give you extra time to complete the papers. [0.14, 0.17, 0.32]"
5702,1115,5.0,misc,"TAKE HIM! [-0.0, -0.02, 0.01]"
5702,1115,5.0,instructional_effectiveness,"Best religion teacher EVER! [0.37, 0.08, 0.14]"
5702,1115,5.0,instructional_effectiveness,"Keep up the great work Professor! [0.35, 0.17, 0.32]"
5702,1115,5.0,misc,"Chili pepper approved! [0.03, 0.13, -0.0]"
7205,2,4.0,instructional_effectiveness,"A very good instructor he is highly recommendable for english courses. [0.55, 0.15, 0.3]"
19482,488,4.0,instructional_effectiveness,"Great guy he's very clear and knows what he's talking about. [0.36, 0.03, 0.09]"
19482,488,4.0,workload,"The tests were very straight foreward as were the assignments and his odd expressions and variety of coloured markers help keep your attention if you're starting to drift. [0.4, 0.44, 0.48]"
19482,488,4.0,workload,"Keep on top of the work otherwise it will seem harder than it is [0.18, 0.17, 0.36]"
4481,56,5.0,misc,"Dont listen to the person who said she was bad. [0.06, 0.08, -0.0]"
4481,56,5.0,instructional_effectiveness,"Dr. Wall is an excellent teacher who does everything in her power to make you understand what she is talking about. [0.49, 0.22, 0.28]"
4481,56,5.0,instructional_effectiveness,"If I could take Dr. Wall for every class I would be very happy. [0.29, 0.21, 0.27]"
4481,56,5.0,workload,"The class is awesome and its fun to boot. [0.33, 0.22, 0.33]"
4481,56,5.0,misc,"Take Dr. Wall she rocks. [0.07, 0.01, 0.01]"
16186,489,2.0,fairness,"Absolutely ridiculous class. [0.28, 0.35, 0.32]"
16186,489,2.0,workload,"100 pages of reading per week and the professor marks incredibly difficult. [0.43, 0.35, 0.63]"
16186,489,2.0,fairness,"Hes a nice guy and you learn a lot but do not expect a 75. [0.16, 0.19, 0.15]"
14495,1142,5.0,instructional_effectiveness,"Weber is a freaking amazing teacher did his Layers of Rome Trip thought it was going to be a party. [0.28, 0.08, 0.16]"
14495,1142,5.0,instructional_effectiveness,"You go over there to learn! [0.28, 0.12, 0.22]"
14495,1142,5.0,instructional_effectiveness,"I learned more in one month with him than any other professor. [0.58, 0.22, 0.4]"
14495,1142,5.0,instructional_effectiveness,"He's a tough grader expects a lot from you and is truly one hell of a teacher. [0.46, 0.38, 0.38]"
14495,1142,5.0,workload,"If you want to learn take this class if you want an easy A keep walking. [0.4, 0.23, 0.44]"
19721,152,5.0,instructional_effectiveness,"He is the best Proffessor [0.34, 0.17, 0.16]"
3264,1260,5.0,misc,"First ignore the Steve Jobs comparisons. [0.06, 0.09, 0.06]"
3264,1260,5.0,misc,"Black turtlenecks with black jeans are the only things the two have in common. [-0.02, -0.01, -0.04]"
3264,1260,5.0,instructional_effectiveness,"I have had him twice now and really enjoyed his business class. [0.35, 0.13, 0.18]"
3264,1260,5.0,misc,"He can be a bit self-absorbed and loves to namedrop. [0.14, -0.04, 0.05]"
3264,1260,5.0,instructional_effectiveness,"Nevertheless great professor who cares about his students and the university. [0.48, 0.22, 0.23]"
3264,1260,5.0,misc,"Highly recommended. [0.12, -0.01, 0.09]"
7294,776,5.0,instructional_effectiveness,"Very inspirational professor... Made the class interesting and fun... [0.54, 0.2, 0.29]"
7294,776,5.0,misc,"FIU should definitely keep him... [0.04, 0.07, 0.01]"
7294,776,5.0,instructional_effectiveness,"I never met ANYONE who truly loves and enjoys educating people. [0.19, -0.02, 0.09]"
7294,776,5.0,workload,"The class is easy but you must put in work. [0.4, 0.34, 0.58]"
7294,776,5.0,instructional_effectiveness,"The teaches are fun and you learn a lot from them.. [0.58, 0.29, 0.39]"
7294,776,5.0,instructional_effectiveness,"I will miss Prof. O and his class sooo much! [0.24, 0.15, 0.21]"
7294,776,5.0,instructional_effectiveness,"BEST PROF. [0.38, 0.16, 0.2]"
7294,776,5.0,misc,"EVER!! [-0.04, -0.05, -0.02]"
16382,432,4.0,workload,"Very easy Prof.. all you have to do is read and go to class. [0.41, 0.25, 0.44]"
16382,432,4.0,misc,"He is late ALL the time though. [0.02, 0.05, 0.07]"
16382,432,4.0,instructional_effectiveness,"He doesn't exactly teach at a college level usually lower The material is interesting and he never tries to over analyze a topic and keeps things pretty simple.. [0.61, 0.25, 0.4]"
16382,432,4.0,instructional_effectiveness,"He's cool and most of the time funny [0.15, -0.02, -0.03]"
18590,695,5.0,misc,"SHES GOOD THOSE PEOPLE [0.09, 0.03, -0.05]"
18590,695,5.0,workload,"WHO SAID HER CLASS IS HARD DONT KNOW WHAT THEY ARE TALKING ABOUT. [0.35, 0.27, 0.36]"
18590,695,5.0,workload,"ITS EASY ALL YOU HAVE TO DO IS READ. [0.21, 0.19, 0.44]"
18590,695,5.0,workload,"SHE GIVES QUIZZES EVERY WEEK ON THE READING. [0.27, 0.14, 0.35]"
18590,695,5.0,instructional_effectiveness,"A PAPER FOR A MIDTERM AND A FINAL WHICH IS COMPARING AND CONTRASTING THE CHARACTERS FROM THE BOOKS SHE ASSIGNED. [0.25, 0.23, 0.24]"
18590,695,5.0,misc,"SHES EASY. [0.08, 0.04, 0.13]"
18590,695,5.0,workload,"COLLEGE IS ABOUT DOING YOUR WORK. [0.31, 0.31, 0.44]"
16643,293,4.0,instructional_effectiveness,"Perkins is friendly and will certainly help you understand the material he actually wrote the course textbook so the course is very consistent. [0.51, 0.29, 0.34]"
16643,293,4.0,workload,"The work itself is very difficult and requires an immense amount of practicememorization to master. [0.32, 0.17, 0.48]"
16643,293,4.0,workload,"Makes you realize the level of commitment required to go into accounting though. [0.18, 0.3, 0.38]"
6526,1310,3.0,workload,"Tests are difficult. [0.25, 0.34, 0.55]"
6526,1310,3.0,workload,"study. [0.35, 0.3, 0.52]"
6526,1310,3.0,workload,"a lot. [0.11, 0.05, 0.19]"
6526,1310,3.0,fairness,"They're multiple choice format. [0.15, 0.21, 0.2]"
6526,1310,3.0,workload,"As for the class a bit boring. [0.43, 0.33, 0.46]"
6526,1310,3.0,instructional_effectiveness,"As for the teacher also a bit boring. [0.51, 0.31, 0.43]"
6526,1310,3.0,instructional_effectiveness,"not a great class but not horrible [0.42, 0.36, 0.4]"
19232,1181,3.0,workload,"The reading assignments were ridiculously long and a lot of them were very dry. [0.37, 0.35, 0.59]"
19232,1181,3.0,workload,"But after the first few classes you realized that he gives a synopsis of the assignment every day so you don't REALLY have to read them all. [0.46, 0.28, 0.54]"
19232,1181,3.0,misc,"He's very popular during office hours so get therer early and be prepared to wait. [0.07, -0.03, 0.06]"
18142,1103,5.0,instructional_effectiveness,"Great teacher with interesting discussions no lecture. [0.58, 0.19, 0.3]"
18142,1103,5.0,instructional_effectiveness,"good j term class [0.33, 0.19, 0.24]"
879,198,3.0,instructional_effectiveness,"Great Professor great knowledge of subject. [0.57, 0.16, 0.27]"
879,198,3.0,instructional_effectiveness,"Highly recommend this class. [0.39, 0.21, 0.36]"
879,198,3.0,workload,"Very little use of text lots of articles to read on line. [0.25, 0.18, 0.35]"
879,198,3.0,instructional_effectiveness,"Can be a little vague as to what he wants from students. [0.51, 0.34, 0.41]"
879,198,3.0,workload,"Midterm Final and Group Project. [0.18, 0.16, 0.27]"
19939,663,5.0,instructional_effectiveness,"I've taken both of his film classes and he really knows about the genres and films he is talking about. [0.37, 0.13, 0.21]"
19939,663,5.0,workload,"ALSO if you plan on not coming to class and have no interest in film don't take this class. [0.31, 0.3, 0.4]"
19939,663,5.0,workload,"Why would you not want to come to a class where you watch just watch films? [0.3, 0.19, 0.32]"
19939,663,5.0,workload,"The essays are not even hard because he lays out the parts that he expects.. [0.39, 0.34, 0.51]"
12952,326,5.0,workload,"I thought bio was going to be very boring but she managed to make it so much fun to the point that i was looking forward to her class and lab. [0.24, 0.13, 0.27]"
12952,326,5.0,workload,"She gives easy homework she will tell you everything that's on the tests and will have little reviews. [0.42, 0.4, 0.52]"
12952,326,5.0,instructional_effectiveness,"She's willing to stay after class to help out. [0.31, 0.19, 0.3]"
12952,326,5.0,instructional_effectiveness,"She's super sweet and her lectures are awesome! [0.37, 0.12, 0.16]"
12952,326,5.0,misc,"would take again! [0.03, 0.05, 0.08]"
2112,158,2.5,workload,"BORING! [0.13, 0.11, 0.21]"
18282,823,5.0,workload,"Pay attention in class. [0.43, 0.3, 0.45]"
18282,823,5.0,workload,"Take notes study the notes and you will do fine. [0.29, 0.3, 0.49]"
15675,678,5.0,workload,"I have taken several online classes 1 of the most fantastic classes I have taken! [0.36, 0.21, 0.39]"
15675,678,5.0,workload,"I'm CD major but we learned so much in such short time. [0.33, 0.2, 0.35]"
15675,678,5.0,instructional_effectiveness,"The lectures and videos were great. [0.51, 0.19, 0.28]"
15675,678,5.0,instructional_effectiveness,"Shout out to Prof Benavides! [0.16, 0.04, 0.11]"
15675,678,5.0,workload,"for being so organized contacting us 2 see how we are doing caring about us and motivating and pushing us. [0.18, 0.08, 0.23]"
15675,678,5.0,instructional_effectiveness,"we learned about ourselves family and life!! [0.23, 0.09, 0.1]"
1261,856,2.5,instructional_effectiveness,"It was a complete surprise to me on the first day of class. [0.26, 0.17, 0.22]"
1261,856,2.5,instructional_effectiveness,"Basically she is the human version of the textbook. [0.44, 0.17, 0.27]"
1261,856,2.5,workload,"She doesn't really know statistics and even admitted that. [0.14, 0.19, 0.2]"
1261,856,2.5,workload,"Most of the time she'll be writing stuff on the board writing down formulas and doing example problems. [0.32, 0.23, 0.36]"
1261,856,2.5,misc,"Half the time I didn't understand the purpose behind it. [0.11, 0.06, 0.13]"
659,1234,5.0,workload,"This was a boring class. [0.36, 0.3, 0.36]"
659,1234,5.0,misc,"It was tuesday and thursday at 10 and all she did was show us powerpoint presentations that she had made a long time ago. [0.13, 0.04, 0.1]"
659,1234,5.0,misc,"She told us where they needed updats but I still didn't like it. [0.06, 0.11, 0.04]"
659,1234,5.0,instructional_effectiveness,"She was very nice and very helpfull esp. [0.29, 0.08, 0.06]"
659,1234,5.0,workload,"for students needing extra time [0.36, 0.39, 0.55]"
659,1234,5.0,misc,"but she did not bring the subject matter alive for me. [0.12, 0.06, 0.1]"
659,1234,5.0,workload,"READ! [0.08, 0.06, 0.18]"
15040,378,3.0,instructional_effectiveness,"he is all over the place and disorganized but very fun to be in classs with. [0.37, 0.11, 0.21]"
15040,378,3.0,workload,"As though he took in too many caffene pills before class. [0.25, 0.19, 0.28]"
11461,1301,4.5,instructional_effectiveness,"Todd is my favorite teacher that I've had ever. [0.28, 0.14, 0.11]"
11461,1301,4.5,instructional_effectiveness,"He is such a good person and makes every class fun [0.39, 0.17, 0.17]"
11461,1301,4.5,instructional_effectiveness,"I hate missing his lectures. [0.4, 0.15, 0.26]"
11461,1301,4.5,instructional_effectiveness,"If you can take a class with him and get to know him you won't regret it. [0.21, 0.03, 0.1]"
5953,894,2.0,instructional_effectiveness,"This is the most horrible teacher I have ever had. [0.45, 0.28, 0.29]"
5953,894,2.0,workload,"She wont allow you to make up tests. [0.13, 0.16, 0.26]"
5953,894,2.0,fairness,"She makes your final counts double or triple. [0.07, 0.18, 0.11]"
5953,894,2.0,workload,"Even though I had a doctors note and a field trip for another class. [0.23, 0.29, 0.41]"
5953,894,2.0,instructional_effectiveness,"Recently she has been behind and has taught around 9 lessons in 2 class periods. [0.47, 0.23, 0.38]"
5953,894,2.0,workload,"At this point only around 3 people are passing her class. [0.22, 0.26, 0.36]"
17552,147,2.5,workload,"It's a really confusing class at first. [0.35, 0.33, 0.37]"
17552,147,2.5,misc,"but once you get used to it it's really fun. [0.09, -0.01, 0.15]"
17552,147,2.5,instructional_effectiveness,"I learned a lot most of it self directed. [0.42, 0.12, 0.24]"
17552,147,2.5,instructional_effectiveness,"I learned how to be more inquisitive and self reliant. [0.35, 0.17, 0.23]"
17552,147,2.5,instructional_effectiveness,"I enjoyed his class. [0.47, 0.22, 0.27]"
17552,147,2.5,workload,"There are no tests but homework is due every class. [0.3, 0.44, 0.59]"
13149,641,1.0,instructional_effectiveness,"Mr. Reed is not very good at teaching. [0.44, 0.22, 0.28]"
13149,641,1.0,instructional_effectiveness,"His lectures drag on and on to the point where it made me decide to just not go to class. [0.48, 0.27, 0.35]"
13149,641,1.0,instructional_effectiveness,"He loves to go off topic during lectures too. [0.46, 0.14, 0.28]"
13149,641,1.0,fairness,"Your grade is based on 3 essay exams one that is 200 points then the other two are 400. [0.21, 0.52, 0.45]"
13149,641,1.0,misc,"Advice? [0.05, 0.05, 0.06]"
13149,641,1.0,workload,"Go to the TEACHING ASSISTANT and SI study sessions. [0.35, 0.18, 0.35]"
13149,641,1.0,instructional_effectiveness,"You learn more there and get to the point [0.35, 0.25, 0.28]"
12364,842,5.0,workload,"If you've never taken an online course don't be afraid. [0.24, 0.16, 0.37]"
12364,842,5.0,workload,"This teacher helps you and is understanding about tech frustration. [0.45, 0.32, 0.46]"
12364,842,5.0,workload,"It's a great LIT course. [0.37, 0.19, 0.4]"
12364,842,5.0,workload,"I loved the readings and also reading my classmates' work. [0.26, 0.14, 0.3]"
12364,842,5.0,instructional_effectiveness,"I learned a lot about them and myself. [0.33, 0.16, 0.23]"
11322,174,4.5,instructional_effectiveness,"Don't let his big bad this class will kill you or I will attitude scare you at first. [0.29, 0.21, 0.18]"
11322,174,4.5,instructional_effectiveness,"He is a really nice guy and has had a profound impact on many many students. [0.5, 0.28, 0.25]"
11322,174,4.5,workload,"classes not too hard just do your work and FOLLOW DIRECTIONS or he may eat you up for that. [0.3, 0.18, 0.38]"
11322,174,4.5,instructional_effectiveness,"Is quite willing to work with you on things. [0.18, 0.02, 0.16]"
11322,174,4.5,misc,"sense of humor comes across as anger its not. [0.07, 0.09, 0.02]"
13883,1367,4.5,instructional_effectiveness,"Dr. Farmen's style is very interesting. [0.24, 0.01, 0.1]"
13883,1367,4.5,instructional_effectiveness,"Very enjoyable in class although he talks about sex WAY too much. [0.48, 0.22, 0.27]"
13883,1367,4.5,misc,"I said he wasn't hot cause he's like 70 years old. [-0.02, 0.04, -0.03]"
344,1077,4.0,instructional_effectiveness,"Overall a good teacher. [0.57, 0.35, 0.3]"
344,1077,4.0,instructional_effectiveness,"He does notes via chalkboard though and doesn't post slides on Blackboard. [0.27, 0.12, 0.2]"
344,1077,4.0,workload,"So basically you have to go to class. [0.32, 0.32, 0.44]"
344,1077,4.0,instructional_effectiveness,"People say that he crams you with mechanism information but that is what O Chem is. [0.21, 0.03, 0.14]"
344,1077,4.0,misc,"Chemical mechanisms. [0.07, -0.03, -0.02]"
344,1077,4.0,instructional_effectiveness,"I thought he did a very good job teaching difficult material. [0.55, 0.25, 0.38]"
344,1077,4.0,workload,"Definitely buy the book though. [0.16, 0.07, 0.19]"
1659,700,5.0,instructional_effectiveness,"I highly recommend this professor! [0.47, 0.2, 0.32]"
1659,700,5.0,instructional_effectiveness,"She is intelligent and cares about her students very much. [0.36, 0.24, 0.24]"
1659,700,5.0,instructional_effectiveness,"I loved her class the most out of all of my political science courses so far. [0.31, 0.17, 0.23]"
1659,700,5.0,workload,"Be prepared to read everything though and to work for your grade. [0.36, 0.42, 0.54]"
1659,700,5.0,workload,"The tests aren't too bad if you read all of the material and keep up with your assignments. [0.4, 0.42, 0.67]"
15480,431,5.0,instructional_effectiveness,"Gary is an amazing prof! [0.36, 0.15, 0.18]"
15480,431,5.0,workload,"i have never looked forward to going to any class as much as i do for Gary's! [0.28, 0.23, 0.31]"
15480,431,5.0,workload,"He doesn't rush through info and repeats info that's crucial. [0.23, 0.05, 0.29]"
15480,431,5.0,instructional_effectiveness,"Plus he makes time for his students and is always willing to help. [0.35, 0.19, 0.32]"
15480,431,5.0,instructional_effectiveness,"He is a tough marker but a great guy all around and soo funny! [0.2, 0.1, 0.09]"
15480,431,5.0,workload,"You must take this class it's amazing! [0.35, 0.23, 0.4]"
1962,732,2.0,instructional_effectiveness,"I personally did not like his teaching style. [0.48, 0.26, 0.22]"
1962,732,2.0,instructional_effectiveness,"Powerpoint slides are not very helpful he just lists key terms! [0.3, 0.16, 0.22]"
1962,732,2.0,instructional_effectiveness,"I had to rely heavily on the book because he spoke very quickly in lecture. [0.5, 0.13, 0.34]"
1962,732,2.0,instructional_effectiveness,"VERY HELPFUL tip if you have to take him make sure you record all lectures b c most of his exams are out of what he says in class!! [0.49, 0.25, 0.38]"
7565,11,3.0,instructional_effectiveness,"It's a good elective class. [0.37, 0.34, 0.35]"
7565,11,3.0,workload,"It's not difficult and he's an interesting character. [0.23, 0.03, 0.27]"
7565,11,3.0,instructional_effectiveness,"I wouldn't recommend this class to people who are wanting an intellectual thought provoking class you watch movies and talk about them but it was decent and easy. [0.46, 0.28, 0.39]"
7565,11,3.0,instructional_effectiveness,"Everyone has to give their opinion so be prepared to talk in class. [0.46, 0.39, 0.32]"
16046,447,3.5,instructional_effectiveness,"too critical of others' habits and at times a bit despotic but overall he is an excellent professor. [0.54, 0.25, 0.29]"
18405,907,5.0,fairness,"Has a good rep and they're right. [0.12, 0.21, 0.01]"
18405,907,5.0,instructional_effectiveness,"He is amazing. [0.26, -0.03, -0.0]"
18405,907,5.0,misc,"Told us first day that he won't bore us but we're not allowed to bore him! [0.13, 0.05, 0.06]"
18405,907,5.0,workload,"Better do your work tho. [0.12, 0.16, 0.26]"
18405,907,5.0,instructional_effectiveness,"Great prof. [0.41, 0.16, 0.2]"
18060,150,1.0,instructional_effectiveness,"Worst prof ever he doesnt care about his students lives. [0.33, 0.25, 0.23]"
18060,150,1.0,misc,"I sometime question his true intentions [0.07, -0.03, -0.04]"
15801,430,5.0,instructional_effectiveness,"Clear intelligent and a delight to work with. [0.33, 0.2, 0.22]"
5523,1387,4.5,instructional_effectiveness,"Great Professor. [0.49, 0.13, 0.18]"
5523,1387,4.5,instructional_effectiveness,"She is really helpful and knows how to teach Spanish real well. [0.39, 0.05, 0.12]"
5523,1387,4.5,workload,"As long as you come to class and do the assignments you will do well. [0.39, 0.38, 0.53]"
5523,1387,4.5,instructional_effectiveness,"I highly recommend her. [0.17, 0.01, 0.04]"
74,1370,1.0,misc,"Should've listened to everyone on here. [0.07, 0.07, 0.06]"
74,1370,1.0,misc,"Not sure how this guy still has a job. [0.12, 0.02, 0.08]"
74,1370,1.0,workload,"Unreal requirements that would not apply in the real world. [0.05, 0.19, 0.19]"
74,1370,1.0,instructional_effectiveness,"All based on what HE wants to see not what is logical. [0.17, 0.12, 0.09]"
74,1370,1.0,fairness,"Even if you're work is correct it has to be done in his ridiculously specific manner in order and you will STILL lose points. [0.15, 0.23, 0.13]"
74,1370,1.0,workload,"Avoid at all costs! [0.02, 0.12, 0.15]"
11435,250,5.0,misc,"Michaels is super awesome and super hunky. [0.05, -0.05, -0.04]"
11435,250,5.0,instructional_effectiveness,"Enough said. [0.17, 0.03, 0.13]"
521,49,4.0,misc,"I had Ms. Hampton this past spring [0.04, 0.05, 0.05]"
521,49,4.0,workload,"and I must say it was quite a challenge. [0.02, 0.1, 0.23]"
521,49,4.0,instructional_effectiveness,"I can see why people may say that she really doesn't interact as much with the students during class... [0.38, 0.23, 0.28]"
521,49,4.0,workload,"but on the other hand I have to say that she is extremely smart. [0.19, 0.13, 0.2]"
521,49,4.0,misc,"She definitely knows her info. [0.09, -0.07, 0.02]"
521,49,4.0,fairness,"I received an A but it did not come easy. [0.08, 0.2, 0.15]"
521,49,4.0,instructional_effectiveness,"Overall she was a fairly desce [0.16, 0.13, 0.07]"
19339,281,4.0,misc,"kinda arrocant [0.04, -0.01, 0.05]"
19339,281,4.0,instructional_effectiveness,"a good teacher [0.53, 0.23, 0.25]"
12496,286,4.0,workload,"Huddle is laid back good sense of humor but beware- in this class at least 75 percent of your grade is pop quizzes on the readings. [0.31, 0.33, 0.4]"
12496,286,4.0,workload,"They're easy but you have to do the readings. [0.21, 0.22, 0.51]"
12496,286,4.0,workload,"Also class can get a bit dull you read out loud a LOT but is mostly easy and a good excuse to just read the books. [0.48, 0.33, 0.59]"
10855,43,5.0,instructional_effectiveness,"Smart funny and engaging. [0.35, 0.22, 0.19]"
19861,1238,5.0,misc,"She is the best super supportive and sweet and will do anything to help you! [0.08, -0.01, 0.02]"
19861,1238,5.0,instructional_effectiveness,"I highly recommend her! [0.16, 0.0, 0.05]"
1350,1133,1.5,instructional_effectiveness,"ITS VERY HARD TO UNDERSTAND HIM!!!!!!!!! [0.19, 0.1, 0.11]"
1350,1133,1.5,workload,"he wont give you reviews for any exam.... not very helpful [EMOJI] PLEASE DON'T BUY HES BOOK we don't even use it and its very expensive [0.41, 0.32, 0.41]"
9244,1349,5.0,workload,"I have him for Cal II his tests are easy and always give 5 extra point for every test. [0.27, 0.37, 0.47]"
9244,1349,5.0,misc,"Would take him again. [0.03, 0.01, -0.0]"
9190,88,1.0,instructional_effectiveness,"horrible class [0.33, 0.33, 0.31]"
9190,88,1.0,misc,"person..... enough said.... wait one more thing.... wiffed out [0.03, 0.01, 0.03]"
138,875,5.0,instructional_effectiveness,"She's an awesome professor! [0.4, 0.13, 0.16]"
138,875,5.0,instructional_effectiveness,"I never thought I will enjoy writing til I had her as my professor! [0.25, 0.1, 0.19]"
6411,676,5.0,instructional_effectiveness,"She is Awesome... this is truly one of the only classes I have enjoyed. [0.36, 0.15, 0.23]"
6411,676,5.0,workload,"The class and assignments are engaging and as challenging as you want them to be. [0.52, 0.48, 0.64]"
6411,676,5.0,instructional_effectiveness,"I found her to be very helpful I was not familiar with a lot of the computer programs and she was always there to help she is also very talented. [0.23, 0.01, 0.1]"
9685,1028,1.5,workload,"This class is not hard to pass but it is hard to tolerate. [0.35, 0.42, 0.47]"
9685,1028,1.5,misc,"This man is impossible to listen to and brutal to meet with in his office. [0.07, -0.09, 0.06]"
9685,1028,1.5,instructional_effectiveness,"You will learn some interesting material and read some good cases but be prepared to use a thesaurus in class if you want to understand him. [0.41, 0.2, 0.29]"
8700,1050,4.0,instructional_effectiveness,"Dr. Donahoe is very passionate about her work which makes the class so much better. [0.37, 0.16, 0.29]"
8700,1050,4.0,workload,"The homework assignments are through pearson so they can be kind of difficult. [0.3, 0.38, 0.49]"
8700,1050,4.0,workload,"The quizzes are online but pretty easy. [0.27, 0.23, 0.43]"
8700,1050,4.0,fairness,"There are 3 tests and a final not cumulative and she drops the lowest score of each category. [0.12, 0.42, 0.34]"
8700,1050,4.0,workload,"The only thing I didn't like were the labs. [0.05, 0.1, 0.15]"
10186,699,5.0,instructional_effectiveness,"one of the best courses at Tech taught by a very good efficient teacher. [0.47, 0.18, 0.39]"
10186,699,5.0,instructional_effectiveness,"Karthik is a nice person very approachable and very meticulous in his work. [0.3, 0.08, 0.13]"
10186,699,5.0,instructional_effectiveness,"Enriching experience! [0.28, 0.13, 0.2]"
12971,224,1.0,workload,"Very difficult to understand. [0.28, 0.16, 0.29]"
12971,224,1.0,instructional_effectiveness,"Teaches as if we should all be experts in Economics. [0.46, 0.29, 0.25]"
12971,224,1.0,workload,"Mid-Term and Final exam awful. [0.33, 0.44, 0.52]"
18937,68,4.0,instructional_effectiveness,"April is a good teacher. [0.33, 0.2, 0.18]"
18937,68,4.0,instructional_effectiveness,"Her being deaf forces us to better learn sign language so that we can ask her questions know our assignments and have any possibility of doing well on tests. [0.31, 0.14, 0.26]"
18937,68,4.0,workload,"The ASL Lab is boring though... but April is very helpful. [0.17, 0.13, 0.29]"